{"cameraMode":{"drawMode":0,"name":"Shaded","section":"Shading Mode"},"sceneLighting":false,"audioPlay":false,"sceneViewState":{"showFog":true,"showMaterialUpdate":false,"showSkybox":false,"showFlares":true,"showImageEffects":true,"showParticleSystems":true},"in2DMode":false,"pivot":{"x":0.26999998092651369,"y":0.6999999284744263,"z":0.20000004768371583},"rotation":{"x":0.18441998958587647,"y":-0.6234335899353027,"z":0.15454836189746858,"w":0.7439329624176025},"size":27.42644691467285,"orthographic":true}