{"cameraMode":{"drawMode":0,"name":"Shaded","section":"Shading Mode"},"sceneLighting":false,"audioPlay":false,"sceneViewState":{"showFog":true,"showMaterialUpdate":false,"showSkybox":false,"showFlares":true,"showImageEffects":true,"showParticleSystems":true},"in2DMode":false,"pivot":{"x":1.4690439701080323,"y":2.240849018096924,"z":6.728424072265625},"rotation":{"x":-0.0018098402069881559,"y":-0.0009031600784510374,"z":0.0000016652287513352349,"w":-0.9999984502792358},"size":20.313217163085939,"orthographic":false}