{"cameraMode":{"drawMode":0,"name":"Shaded","section":"Shading Mode"},"sceneLighting":false,"audioPlay":false,"sceneViewState":{"showFog":true,"showMaterialUpdate":false,"showSkybox":false,"showFlares":true,"showImageEffects":true,"showParticleSystems":true},"in2DMode":false,"pivot":{"x":1.4690439701080323,"y":2.240849018096924,"z":6.728424072265625},"rotation":{"x":0.1834259331226349,"y":-0.21252387762069703,"z":0.040651969611644748,"w":0.9589248895645142},"size":35.244163513183597,"orthographic":true}