{"cameraMode":{"drawMode":0,"name":"Shaded","section":"Shading Mode"},"sceneLighting":false,"audioPlay":false,"sceneViewState":{"showFog":true,"showMaterialUpdate":false,"showSkybox":false,"showFlares":true,"showImageEffects":true,"showParticleSystems":true},"in2DMode":false,"pivot":{"x":3.069999933242798,"y":0.699999988079071,"z":0.20000000298023225},"rotation":{"x":0.23450224101543427,"y":-0.4456033706665039,"z":0.12217550724744797,"w":0.8552993535995483},"size":13.882140159606934,"orthographic":true}