{"cameraMode":{"drawMode":0,"name":"Shaded","section":"Shading Mode"},"sceneLighting":false,"audioPlay":false,"sceneViewState":{"showFog":true,"showMaterialUpdate":false,"showSkybox":false,"showFlares":true,"showImageEffects":true,"showParticleSystems":true},"in2DMode":false,"pivot":{"x":0.26999998092651369,"y":0.6999999284744263,"z":0.20000004768371583},"rotation":{"x":0.2490958720445633,"y":0.2319948822259903,"z":-0.0615917332470417,"w":0.9382632374763489},"size":8.30378246307373,"orthographic":false}